{"cameraMode":{"drawMode":0,"name":"Shaded","section":"Shading Mode"},"sceneLighting":true,"audioPlay":false,"sceneViewState":{"showFog":true,"showMaterialUpdate":false,"showSkybox":true,"showFlares":true,"showImageEffects":true,"showParticleSystems":true},"in2DMode":false,"pivot":{"x":11.17696475982666,"y":-19.455148696899415,"z":13.804539680480957},"rotation":{"x":-0.4110291600227356,"y":-0.24588267505168916,"z":0.11614968627691269,"w":-0.8701215386390686},"size":14.833106994628907,"orthographic":false}